{
  "r2": 0.9897704862032757,
  "mae_kw": 0.34192796137796305,
  "mape_pct": 7.8989090485199105,
  "dataset": "synthetic",
  "computed_at": "2026-07-16T10:11:15.013331+00:00",
  "n_train": 27227,
  "n_test": 6807
}